Cheerleading,Community Room,1711737756000
Cheerleading,Online,1711607213000
Bookworm,Online,1711467367000
ESports,Meeting Room,1711410372000
ESports,Gym,1711679753000
ESports,Online,1711763213000
Programming,Meeting Room,1711387547000
ESports,Gym,1711802140000
Programming,Gym,1711806212000
ESports,Meeting Room,1711419352000
Bookworm,Meeting Room,1711408962000
Programming,Online,1711538646000
ESports,Gym,1711636017000
Bookworm,Meeting Room,1711484841000
Cheerleading,Community Room,1711365400000
Cheerleading,Meeting Room,1711677987000
Programming,Community Room,1711423688000
Programming,Gym,1711467326000
Programming,Meeting Room,1711546317000
Programming,Community Room,1711446663000